{
    "accuracy": 0.9736842105263158,
    "precision": 0.9761904761904762,
    "recall": 0.9534883720930233,
    "f1": 0.9647058823529412
}